q,finite,runtime_seconds,num_warnings,peak_abs_integral,num_offsets,num_echoes,first_bad_echo_index,error_type,error_message
20.0,True,1.4974550999468192,0,8.034476887728495,17,2,,,
50.0,True,1.7263507000170648,0,17.25256336058216,17,2,,,
80.0,True,2.38184479996562,0,17.09705285063405,17,2,,,
100.0,True,2.485549099976197,0,16.979155512014508,17,2,,,
200.0,False,2.5374909000238404,1054,nan,17,2,"0,0",,
500.0,False,2.7214654999552295,1026,nan,17,2,"0,0",,
1000.0,False,2.6946610000450164,1026,nan,17,2,"0,0",,
5000.0,False,2.6711263000033796,1026,nan,17,2,"0,0",,
