numpts,num_echoes,workers,median_seconds,min_seconds,max_seconds,speedup_vs_1_worker
64001,256,1,9.717823,9.540217,9.895428,1.000
64001,256,2,5.966382,5.959533,5.973232,1.629
64001,256,4,5.167047,5.143692,5.190401,1.881
64001,256,8,6.643533,6.459220,6.827846,1.463
